{
    "population_White": {
        "rural": {
            "1": 0.7617013406870636,
            "3": 0.7965968368583095,
            "4": 0.7273796297686042,
            "2": 0.6934284913746046
        },
        "urban": {},
        "suburban": {}
    },
    "population_Black": {
        "rural": {
            "1": 0.18653011781680282,
            "3": 0.03820319176575122,
            "4": 0.20538386595438346,
            "2": 0.24198535693064344
        },
        "urban": {},
        "suburban": {}
    },
    "population_Indian": {
        "rural": {
            "1": 0.01835599528961345,
            "3": 0.026941840094080096,
            "4": 0.01576220981996612,
            "2": 0.010867795663208599
        },
        "urban": {},
        "suburban": {}
    },
    "population_Asian": {
        "rural": {
            "1": 0.0054146422511471256,
            "3": 0.025480801861353895,
            "4": 0.006241643227012565,
            "2": 0.01451852449521064
        },
        "urban": {},
        "suburban": {}
    },
    "population_Hispanic": {
        "rural": {
            "1": 0.027997903955372723,
            "3": 0.11277732942050674,
            "4": 0.045232651230033255,
            "2": 0.03919983153633273
        },
        "urban": {},
        "suburban": {}
    },
    "Region_Type": {}
}