{
    "population_White": {
        "rural": {
            "20": 0.7820930413552365,
            "23": 0.8946892206189482,
            "22": 0.8856396370436496,
            "19": 0.8546369882063329,
            "24": 0.831773232782652,
            "21": 0.9099333216864663,
            "18": 0.7027200757337806,
            "27": 0.9213430262889287,
            "1": 0.7744518306856373
        },
        "urban": {
            "26": 0.701249813554341,
            "5": 0.13051304442245606,
            "4": 0.5953181208866943,
            "2": 0.6413404008462816,
            "7": 0.3602643127533416,
            "8": 0.2555852166512704,
            "6": 0.38744528898371844,
            "14": 0.26794860292110423,
            "12": 0.6733638435860294,
            "9": 0.45493335312178246,
            "11": 0.6317494106067889,
            "10": 0.7059631988713418,
            "13": 0.15869554474779501,
            "15": 0.03054473763926382,
            "16": 0.3756046593802927
        },
        "suburban": {
            "25": 0.7096999718024075,
            "3": 0.7058300541436137,
            "17": 0.6537900270925983
        }
    },
    "population_Black": {
        "rural": {
            "20": 0.10685141574018292,
            "23": 0.03647563840896146,
            "22": 0.04766735635700907,
            "19": 0.05240281911840416,
            "24": 0.09100912585463189,
            "21": 0.03454751921733054,
            "18": 0.10209597328280519,
            "27": 0.032302606210447525,
            "1": 0.05670461779903173
        },
        "urban": {
            "26": 0.1904802692496836,
            "5": 0.5242253559898513,
            "4": 0.15605910285441643,
            "2": 0.10222262665787019,
            "7": 0.0981508157180664,
            "8": 0.510605983459292,
            "6": 0.049161228169934984,
            "14": 0.11261007591969349,
            "12": 0.0586271669578134,
            "9": 0.28090569258025916,
            "11": 0.09984206550848039,
            "10": 0.05052931882250965,
            "13": 0.28244121486880047,
            "15": 0.31263043561940496,
            "16": 0.3198008431723751
        },
        "suburban": {
            "25": 0.1619690059040526,
            "3": 0.03249504423207787,
            "17": 0.10678760698112554
        }
    },
    "population_Indian": {
        "rural": {
            "20": 0.00573329374699139,
            "23": 0.010685636985000949,
            "22": 0.00586707146984251,
            "19": 0.006185313836995308,
            "24": 0.010418439508201531,
            "21": 0.012615012811553692,
            "18": 0.005124886231324041,
            "27": 0.01044667362260984,
            "1": 0.003371185763143479
        },
        "urban": {
            "26": 0.008089895605198917,
            "5": 0.008726358465837056,
            "4": 0.003033906135215577,
            "2": 0.004883560449226896,
            "7": 0.004294663495360289,
            "8": 0.0036514667694702465,
            "6": 0.006169715876584815,
            "14": 0.0029398121192800134,
            "12": 0.0035466965673559545,
            "9": 0.0039060543378444815,
            "11": 0.0028977545835336127,
            "10": 0.0036051466396649426,
            "13": 0.0037380823717136358,
            "15": 0.004440041036489338,
            "16": 0.004765690682457872
        },
        "suburban": {
            "25": 0.0050464969578576805,
            "3": 0.003791532293854848,
            "17": 0.002632454794215226
        }
    },
    "population_Asian": {
        "rural": {
            "20": 0.040308888767183304,
            "23": 0.019352513290298082,
            "22": 0.02185224188970203,
            "19": 0.0168709205924646,
            "24": 0.02306112268552481,
            "21": 0.01060301653855113,
            "18": 0.030544789431163923,
            "27": 0.01026521423548892,
            "1": 0.03622137009016478
        },
        "urban": {
            "26": 0.0319505095689081,
            "5": 0.15729926393334567,
            "4": 0.07019789307866496,
            "2": 0.03681779921286712,
            "7": 0.16039663662858866,
            "8": 0.05779209915696215,
            "6": 0.3488845647550633,
            "14": 0.1573200367285618,
            "12": 0.1290862804922064,
            "9": 0.14555826616082443,
            "11": 0.08986014786330655,
            "10": 0.11322242843718845,
            "13": 0.04332987421233264,
            "15": 0.019391916882699572,
            "16": 0.05156053904546064
        },
        "suburban": {
            "25": 0.030938863549815263,
            "3": 0.15853279682830854,
            "17": 0.05670319674587625
        }
    },
    "population_Hispanic": {
        "rural": {
            "20": 0.06501336039040588,
            "23": 0.03879699069679134,
            "22": 0.03897369323979687,
            "19": 0.06990395824580298,
            "24": 0.0437380791689897,
            "21": 0.0323011297460983,
            "18": 0.15951427532092627,
            "27": 0.025642479642525008,
            "1": 0.12925099566202272
        },
        "urban": {
            "26": 0.06822951202186842,
            "5": 0.17923597718850984,
            "4": 0.17539097704500875,
            "2": 0.2147356128337542,
            "7": 0.3768935714046431,
            "8": 0.17236523396300527,
            "6": 0.20833920221469845,
            "14": 0.4591814723113605,
            "12": 0.13537601239659477,
            "9": 0.11469663379928947,
            "11": 0.17565062143789054,
            "10": 0.12667990722929515,
            "13": 0.5117952837993582,
            "15": 0.6329928688221423,
            "16": 0.24826826771941368
        },
        "suburban": {
            "25": 0.0923456617858669,
            "3": 0.09935057250214503,
            "17": 0.18008671438618473
        }
    },
    "Region_Type": {}
}