{
    "population_White": {
        "rural": {
            "20": 0.7820930413552365,
            "23": 0.8946892206189482,
            "22": 0.8856396370436496,
            "19": 0.8546369882063329,
            "24": 0.831773232782652,
            "21": 0.9099333216864663,
            "18": 0.7027200757337806,
            "27": 0.9059573755324071,
            "1": 0.4795690936106984
        },
        "urban": {
            "26": 0.7032520002728907,
            "5": 0.12830834749845052,
            "4": 0.5953412423353772,
            "12": 0.3483014718066917,
            "9": 0.3752447499223552,
            "7": 0.5051094953866986,
            "8": 0.33358795382684625,
            "6": 0.36190185469141206,
            "16": 0.3462902392035184,
            "14": 0.6723679209426073,
            "11": 0.6317494106067889,
            "10": 0.6068271363771811,
            "13": 0.07600627486991124,
            "15": 0.03054473763926382
        },
        "suburban": {
            "25": 0.7096999718024075,
            "3": 0.7058300541436137,
            "2": 0.7082475650825252,
            "17": 0.6537900270925983
        }
    },
    "population_Black": {
        "rural": {
            "20": 0.10685141574018292,
            "23": 0.03647563840896146,
            "22": 0.04766735635700907,
            "19": 0.05240281911840416,
            "24": 0.09100912585463189,
            "21": 0.03454751921733054,
            "18": 0.10209597328280519,
            "27": 0.04513695024486736,
            "1": 0.254581475978207
        },
        "urban": {
            "26": 0.1869206030884245,
            "5": 0.5258347191624887,
            "4": 0.1560644434211483,
            "12": 0.10362001175035025,
            "9": 0.37275888864200774,
            "7": 0.14096681142605844,
            "8": 0.3989917915378782,
            "6": 0.058828761716274366,
            "16": 0.28739079243239835,
            "14": 0.05473204104903079,
            "11": 0.09984206550848039,
            "10": 0.02676058669668576,
            "13": 0.1998137945107642,
            "15": 0.31263043561940496
        },
        "suburban": {
            "25": 0.1619690059040526,
            "3": 0.03249504423207787,
            "2": 0.07935045845663692,
            "17": 0.10678760698112554
        }
    },
    "population_Indian": {
        "rural": {
            "20": 0.00573329374699139,
            "23": 0.010685636985000949,
            "22": 0.00586707146984251,
            "19": 0.006185313836995308,
            "24": 0.010418439508201531,
            "21": 0.012615012811553692,
            "18": 0.005124886231324041,
            "27": 0.010815639606297956,
            "1": 0.004519564140663695
        },
        "urban": {
            "26": 0.007474349068443206,
            "5": 0.00875373560220669,
            "4": 0.0030340394076731054,
            "12": 0.002609180337747247,
            "9": 0.004030164238706517,
            "7": 0.00375979006512726,
            "8": 0.0036729652903117085,
            "6": 0.004749683876647708,
            "16": 0.004461071520673443,
            "14": 0.008118586088939566,
            "11": 0.0028977545835336127,
            "10": 0.004113829752011389,
            "13": 0.004234261810019385,
            "15": 0.004440041036489338
        },
        "suburban": {
            "25": 0.0050464969578576805,
            "3": 0.003791532293854848,
            "2": 0.004126635227066283,
            "17": 0.002632454794215226
        }
    },
    "population_Asian": {
        "rural": {
            "20": 0.040308888767183304,
            "23": 0.019352513290298082,
            "22": 0.02185224188970203,
            "19": 0.0168709205924646,
            "24": 0.02306112268552481,
            "21": 0.01060301653855113,
            "18": 0.030544789431163923,
            "27": 0.010509887749187763,
            "1": 0.026188707280832096
        },
        "urban": {
            "26": 0.03327045212592954,
            "5": 0.1576638909173473,
            "4": 0.07019037347616393,
            "12": 0.08533767192419518,
            "9": 0.10449087719599758,
            "7": 0.10809577265928114,
            "8": 0.09795165388760038,
            "6": 0.2866831963886634,
            "16": 0.060263556791435864,
            "14": 0.09375902698593691,
            "11": 0.08986014786330655,
            "10": 0.25506158328642853,
            "13": 0.03831241710029589,
            "15": 0.019391916882699572
        },
        "suburban": {
            "25": 0.030938863549815263,
            "3": 0.15853279682830854,
            "2": 0.03644831608959836,
            "17": 0.05670319674587625
        }
    },
    "population_Hispanic": {
        "rural": {
            "20": 0.06501336039040588,
            "23": 0.03879699069679134,
            "22": 0.03897369323979687,
            "19": 0.06990395824580298,
            "24": 0.0437380791689897,
            "21": 0.0323011297460983,
            "18": 0.15951427532092627,
            "27": 0.027580146867239884,
            "1": 0.2351411589895988
        },
        "urban": {
            "26": 0.06908259544431206,
            "5": 0.17943930681950676,
            "4": 0.17536990135963743,
            "12": 0.46013166418101564,
            "9": 0.14347532000093297,
            "7": 0.24206813046283465,
            "8": 0.16579563545736345,
            "6": 0.28783650332700245,
            "16": 0.3015943400519739,
            "14": 0.17102242493348538,
            "11": 0.17565062143789054,
            "10": 0.10723686388769328,
            "13": 0.6816332517090092,
            "15": 0.6329928688221423
        },
        "suburban": {
            "25": 0.0923456617858669,
            "3": 0.09935057250214503,
            "2": 0.17182702514417325,
            "17": 0.18008671438618473
        }
    },
    "Region_Type": {}
}